{
    "map50_95": 0.8004878353822754,
    "map50": 0.9574816352730579,
    "precision": 0.9171606281438814,
    "recall": 0.9248691065646056,
    "fitness": 0.8004878353822754
}